Order,Ticket Price Local,First Name,Last Name,Email,Company Name,Country,Currency,Refund Type,Account Manager
1,110,Mohammed,Mordan,mmordan10@who.int,Who,France,EUR,Credit Note,Tom
1,2837,Cyrille,Fairbrass,cfairbrass1n@live.com,Live,Mexico,MXN,No Refund,Tom
1,170,Mab,O'Mailey,momailey2m@patch.com,Patch,Canada,CAD,No Refund,Tom
1,125,Berkley,Sisnett,bsisnett2n@lycos.com,Lycos,United States,USD,Credit Note,Tom
1,110,Lowrance,Vain,lvain1@wikimedia.org,Wikimedia,France,EUR,Full Refund,Tom
1,170,Ilene,Canete,icanete1j@networkadvertising.org,Networkadvertising,Canada,CAD,Full Refund,Tom
1,170,Adria,Cruise,acruise4@sphinn.com,Sphinn,Canada,CAD,Credit Note,Tom
1,110,Odessa,Bulcock,obulcock3@canalblog.com,Canalblog,France,EUR,No Refund,Tom
1,125,Yoshi,Ianilli,yianilli1e@tmall.com,Tmall,United States,USD,Full Refund,Tom
1,110,Gaylene,Gopsall,ggopsall1d@forbes.com,Forbes,France,EUR,Credit Note,Tom
1,110,Erena,De Vries,edevries6@qq.com,Qq,France,EUR,No Refund,Tom
1,110,Quint,Rofe,qrofe13@mlb.com,Mlb,France,EUR,No Refund,Tom
1,110,Rona,Blything,rblything16@fema.gov,Fema,France,EUR,Credit Note,Tom
1,2837,Lanny,Heers,lheers25@tuttocitta.it,Tuttocitta,Mexico,MXN,Credit Note,Tom
1,170,Reinaldos,Bew,rbew1z@smugmug.com,Smugmug,Canada,CAD,Credit Note,Tom
1,170,Obed,Hanes,ohanesq@mlb.com,Mlb,Canada,CAD,Full Refund,Tom
1,125,Magdalene,Hacket,mhacket28@cocolog-nifty.com,Cocolog-nifty,United States,USD,Credit Note,Tom
1,170,Ameline,Bellow,abellow29@github.io,Github,Canada,CAD,Credit Note,Tom
1,125,Ulrikaumeko,Ogilby,uogilbya@artisteer.com,Artisteer,United States,USD,No Refund,Tom
1,110,Rodney,McGovern,rmcgovernr@bandcamp.com,Bandcamp,France,EUR,No Refund,Tom
1,110,Noelani,Hasard,nhasardt@feedburner.com,Feedburner,France,EUR,No Refund,Tom
1,2837,Ramsay,Shrigley,rshrigley2d@e-recht24.de,E-recht24,Mexico,MXN,Credit Note,Tom
1,125,Mackenzie,Mattheus,mmattheus1p@g.co,G,United States,USD,Credit Note,Tom
1,110,Niccolo,Bielfelt,nbielfeltn@joomla.org,Joomla,France,EUR,Full Refund,Tom
1,125,Erie,Dallinder,edallinder2g@usgs.gov,Usgs,United States,USD,No Refund,Tom
1,110,Susan,Tilsley,stilsley2h@over-blog.com,Over-blog,France,EUR,No Refund,Tom
1,125,Neile,Eannetta,neannettau@t.co,T,United States,USD,Full Refund,Tom
1,110,Lia,Le feaver,llefeaverk@yahoo.com,Yahoo,Germany,EUR,No Refund,Tom
1,110,Cari,Loachhead,cloachhead1k@acquirethisname.com,Acquirethisname,France,EUR,No Refund,Tom
1,110,Sarajane,Cavee,scaveed@oakley.com,Oakley,France,EUR,Full Refund,Tom
2,125,Howard,Cardno,hcardnov@fastcompany.com,Fastcompany,United States,USD,Full Refund,Jonathan
2,100,Elana,Heaseman,eheaseman23@yolasite.com,Yolasite,United Kingdom,GBP,Full Refund,Jonathan
2,170,Henrie,Copnar,hcopnarl@google.com.hk,Google,Canada,CAD,No Refund,Jonathan
2,125,Biddie,Burras,bburrasf@digg.com,Digg,United States,USD,Credit Note,Jonathan
2,2837,Bret,Hatherley,bhatherley1q@google.de,Google,Mexico,MXN,No Refund,Jonathan
2,110,Carmelle,Flintuff,cflintuff1r@is.gd,Is,France,EUR,No Refund,Jonathan
2,110,Lonny,Visick,lvisick2c@hatena.ne.jp,Hatena,France,EUR,Full Refund,Jonathan
2,125,Davie,Gothup,dgothupw@psu.edu,Psu,United States,USD,Credit Note,Jonathan
2,110,Ken,Merit,kmerit2b@un.org,Un,France,EUR,Full Refund,Jonathan
2,170,Morna,Fulham,mfulham1v@globo.com,Globo,Canada,CAD,No Refund,Jonathan
2,125,Dniren,Swanne,dswanneb@noaa.gov,Noaa,United States,USD,Full Refund,Jonathan
2,110,Lynda,Durran,ldurran1x@npr.org,Npr,France,EUR,Credit Note,Jonathan
2,110,Agata,Fereday,afereday12@weebly.com,Weebly,France,EUR,Credit Note,Jonathan
2,125,Renata,De Simone,rdesimone2l@squarespace.com,Squarespace,United States,USD,No Refund,Jonathan
2,170,Gladi,Farncomb,gfarncomb17@digg.com,Digg,Canada,CAD,No Refund,Jonathan
2,125,Valery,Weildish,vweildish18@ehow.com,Ehow,United States,USD,Full Refund,Jonathan
2,110,Minni,Loweth,mloweth19@scientificamerican.com,Scientificamerican,France,EUR,Credit Note,Jonathan
2,110,George,Yurlov,gyurlov8@people.com.cn,People,France,EUR,Full Refund,Jonathan
2,125,Newton,While,nwhile15@un.org,Un,United States,USD,No Refund,Jonathan
2,110,Letti,McGuire,lmcguirep@icio.us,Icio,France,EUR,No Refund,Jonathan
2,110,Tobias,Eite,teite21@chron.com,Chron,France,EUR,Full Refund,Jonathan
2,110,Breena,Hearnshaw,bhearnshaw20@liveinternet.ru,Liveinternet,France,EUR,Credit Note,Jonathan
2,110,Rhea,Whal,rwhal2@noaa.gov,Noaa,France,EUR,Full Refund,Jonathan
2,2837,Jamie,Joret,jjoretz@cpanel.net,Cpanel,Mexico,MXN,Credit Note,Jonathan
2,170,Barbe,Parmer,bparmers@economist.com,Economist,Canada,CAD,No Refund,Jonathan
3,2837,Keith,Yeandel,kyeandel2k@amazonaws.com,Amazonaws,Mexico,MXN,Full Refund,Jenny
3,125,Rolando,Grunson,rgrunsonm@marriott.com,Marriott,United States,USD,Credit Note,Jenny
3,110,Valencia,enzley,venzleyx@prweb.com,Prweb,France,EUR,Full Refund,Jenny
3,110,Stephi,Winspar,swinspary@infoseek.co.jp,Infoseek,France,EUR,Full Refund,Jenny
3,125,Nydia,Shakesby,nshakesby0@naver.com,Naver,United States,USD,Full Refund,Jenny
3,125,Jilleen,Gautrey,jgautrey2r@state.tx.us,State,United States,USD,No Refund,Jenny
3,110,Pia,Evershed,pevershed22@cdc.gov,Cdc,France,EUR,Full Refund,Jenny
3,125,Valida,Fairbrass,vfairbrass9@state.gov,State,United States,USD,No Refund,Jenny
3,110,Myer,Fetter,mfetter1c@edublogs.org,Edublogs,France,EUR,Credit Note,Jenny
3,110,Claudina,Woolham,cwoolham14@wp.com,Wp,France,EUR,Credit Note,Jenny
3,2837,Manolo,Currin,mcurrin1b@clickbank.net,Clickbank,Mexico,MXN,Full Refund,Jenny
3,2837,Caria,Grist,cgrist1a@gov.uk,Gov,Mexico,MXN,Credit Note,Jenny
3,125,Chrisy,Musson,cmusson1y@sbwire.com,Sbwire,United States,USD,Credit Note,Jenny
3,110,Rosaline,Bulteel,rbulteel24@ovh.net,Ovh,France,EUR,No Refund,Jenny
3,110,Beverly,Duggan,bduggan26@whitehouse.gov,Whitehouse,Germany,EUR,Full Refund,Jenny
3,2837,Spike,Cowley,scowleyc@princeton.edu,Princeton,Mexico,MXN,Full Refund,Jenny
3,125,Essie,Seak,eseaki@phoca.cz,Phoca,United States,USD,No Refund,Jenny
3,2837,Harper,Mortell,hmortell2e@boston.com,Boston,Mexico,MXN,Full Refund,Jenny
3,110,Ernesto,Probyn,eprobyne@bigcartel.com,Bigcartel,France,EUR,Full Refund,Jenny
3,110,Winifred,Darcy,wdarcy1l@state.tx.us,State,France,EUR,Credit Note,Jenny
3,125,Tommy,Amaya,tamayao@gov.uk,Gov,United States,USD,Credit Note,Jenny
3,170,Artie,Kaes,akaes2f@salon.com,Salon,Canada,CAD,Credit Note,Jenny
3,110,Adele,Tellenbach,atellenbach2i@thetimes.co.uk,Thetimes,France,EUR,No Refund,Jenny
3,110,Pietrek,Gornall,pgornall1f@time.com,Time,France,EUR,Full Refund,Jenny
4,110,Tammara,Babonau,tbabonau2j@opensource.org,Opensource,France,EUR,Credit Note,Carl
4,125,Oriana,Emett,oemettj@intel.com,Intel,United States,USD,Credit Note,Carl
4,125,Hali,Juris,hjuris1m@behance.net,Behance,United States,USD,No Refund,Carl
4,110,Cordey,Offen,coffen1o@prnewswire.com,Prnewswire,France,EUR,Full Refund,Carl
4,110,Diena,Cartmell,dcartmellg@spotify.com,Spotify,Germany,EUR,No Refund,Carl
4,170,Ilka,Falconer,ifalconerh@ox.ac.uk,Ox,Canada,CAD,Full Refund,Carl
4,125,Royall,Vasiljevic,rvasiljevic1s@blogtalkradio.com,Blogtalkradio,United States,USD,No Refund,Carl
4,170,Sholom,Bousquet,sbousquet2a@samsung.com,Samsung,Canada,CAD,No Refund,Carl
4,170,Nappie,Grayland,ngrayland27@sitemeter.com,Sitemeter,Canada,CAD,Full Refund,Carl
4,125,Vilhelmina,Brockherst,vbrockherst1t@storify.com,Storify,United States,USD,Credit Note,Carl
4,110,Sollie,Linsey,slinsey1u@webmd.com,Webmd,Germany,EUR,Full Refund,Carl
4,110,Kara,Shufflebotham,kshufflebotham7@nbcnews.com,Nbcnews,France,EUR,Credit Note,Carl
4,110,Fiann,Spiniello,fspiniello1w@scribd.com,Scribd,France,EUR,Full Refund,Carl
4,125,Ernaline,Forsard,eforsard1i@sitemeter.com,Sitemeter,United States,USD,No Refund,Carl
4,110,Othella,Hulk,ohulk5@wordpress.com,Wordpress,Italy,EUR,Credit Note,Carl
4,125,Carny,Escolme,cescolme11@irs.gov,Irs,United States,USD,No Refund,Carl
4,100,Ermina,Mucklestone,emucklestone1h@sun.com,Sun,United Kingdom,GBP,Full Refund,Carl
4,125,Jere,Widdowes,jwiddowes2q@unblog.fr,Unblog,United States,USD,Credit Note,Carl
4,110,Ola,Challinor,ochallinor2p@soundcloud.com,Soundcloud,France,EUR,No Refund,Carl
4,170,Dottie,Elleton,delleton2o@irs.gov,Irs,Canada,CAD,Full Refund,Carl
4,110,Ilario,Baroux,ibaroux1g@umich.edu,Umich,Spain,EUR,Full Refund,Carl
